823000	None	Uni/en	calorie calculator	muay-thai-weight-loss
49500	None	Uni/en	muay thai near me	beginner-muay-thai
49500	None	Uni/en	kickboxing near me	muay-thai-vs-kickboxing
22200	None	Fra/fr	météo bangkok	pollution-chiang-mai-fr
18100	None	Uni/en	muay thai shorts	muay-thai-benefits
14800	None	Uni/en	muay thai classes near me	beginner-muay-thai
12100	None	Uni/en	muay thai gyms near me	muay-thai-prices
9900	None	Uni/en	muay thai gym	private-muay-thai-lessons
8100	None	Uni/en	muay thai training	muay-thai-class-cost
8100	None	Uni/en	thailand digital arrival card	thailand-dnv
8100	None	Fra/fr	visa thailande	visa-thailande
5400	None	Uni/en	muay thai shorts fairtex	muay-thai-benefits
4400	None	Uni/en	muay thai stance	beginner-muay-thai
4400	None	Uni/en	tiger muay thai	best-muay-thai-camps-in-thailand
4400	None	Uni/en	bangkok to chiang mai	chiang-mai-or-phuket
4400	None	Uni/en	tiger muay thai location	muay-thai-camp-chiang-mai
4400	None	Uni/en	tiger muay thai & mma training camp phuket thailand	muay-thai-camp-thailand
4400	0	Uni/en	muay thai vs kickboxing	muay-thai-vs-kickboxing
4400	None	Uni/en	muay thai boxing vs kickboxing	muay-thai-vs-kickboxing
4400	None	Uni/en	kickboxing vs muay thai	muay-thai-vs-kickboxing
4400	None	Uni/en	thai kickboxing vs muay thai	muay-thai-vs-kickboxing
4400	None	Uni/en	muay thai kickboxing vs kickboxing	muay-thai-vs-kickboxing
2900	None	Fra/fr	qualité de lair dans ma commune	pollution-chiang-mai-fr
2400	None	Uni/en	heritage muay thai	beginner-muay-thai
1900	None	Uni/en	chiang mai to bangkok	chiang-mai-vs-bangkok
1900	29	Uni/en	muay thai camp thailand	muay-thai-camp-thailand
1900	None	Uni/en	muay thai thailand training camp	muay-thai-camp-thailand
1900	None	Uni/en	muay thai thailand camp	muay-thai-camp-thailand
1900	None	Uni/en	thailand muay thai training camp	muay-thai-camp-thailand
1900	None	Uni/en	muay thai training camp thailand	muay-thai-camp-thailand
1900	None	Uni/en	muay thai camp in thailand	muay-thai-camp-thailand
1900	None	Uni/en	thailand muay thai camp	muay-thai-camp-thailand
1900	None	Uni/en	muay thai training camp in thailand	muay-thai-camp-thailand
1900	None	Uni/en	muay thai thailand training camps	muay-thai-training-thailand
1900	None	Uni/en	muay thai training camps thailand	muay-thai-training-thailand
1900	None	Uni/en	muay thai thailand training	muay-thai-training-thailand
1900	None	Uni/en	muay thai training camps in thailand	muay-thai-training-thailand
1900	None	Uni/en	thailand training camp muay thai	muay-thai-training-thailand
1600	None	Uni/en	muay thai boxing	beginner-muay-thai
1600	None	Uni/en	bangkok to koh samui	chiang-mai-or-phuket
1600	26	Uni/en	dtv visa thailand	dtv-visa-thailand
1600	None	Uni/en	muay thai shorts women	muay-thai-benefits
1600	None	Uni/en	kickboxing vs boxing	muay-thai-vs-kickboxing
1300	None	Uni/en	muay thai martial arts	beginner-muay-thai
1300	None	Fra/fr	air pollution	pollution-chiang-mai-fr
1300	None	Uni/en	thai e visa	thailand-dnv
1000	None	Uni/en	beginner muay thai class	beginner-muay-thai
1000	None	Uni/en	beginner muay thai classes	beginner-muay-thai
1000	None	Uni/en	muay thai beginner class	beginner-muay-thai
1000	None	Uni/en	muay thai beginner classes	beginner-muay-thai
1000	None	Uni/en	chiang mai to phuket	chiang-mai-vs-bangkok
1000	None	Uni/en	bangkok to chiang mai flight	chiang-mai-vs-bangkok
1000	None	Uni/en	thailand digital nomad visa	digital-nomad-chiang-mai
1000	None	Uni/en	muay thai shorts venum	muay-thai-benefits
880	None	Uni/en	muay thai training near me	beginner-muay-thai
880	None	Uni/en	koh samui or phuket	chiang-mai-or-phuket
880	None	Uni/en	chiang mai house for rent	chmai-cost-living
880	None	Uni/en	muay thai vs taekwondo	muay-thai-benefits
880	None	Uni/en	muay thai shorts men	muay-thai-benefits
880	None	Fra/fr	tiger muay thai	muay-thai-thailande-FR
880	None	Uni/en	muay thai vs mma	muay-thai-vs-kickboxing
880	None	Uni/en	muay thai vs jiu jitsu	muay-thai-vs-kickboxing
880	None	Uni/en	digital nomad thailand visa	thailand-dnv
880	None	Uni/en	thailand visa digital nomad	thailand-dnv
880	None	Uni/en	digital nomad visa thailand	thailand-dnv
720	None	Uni/en	bangkok to chiang mai train	chiang-mai-or-phuket
720	None	Uni/en	bangkok cost of living	chmai-cost-living
720	1	Uni/en	education visa thailand	education-visa-thailand
720	None	Uni/en	thailand education visa	education-visa-thailand
720	None	Uni/en	education visa in thailand	education-visa-thailand
720	None	Uni/en	education visa for thailand	education-visa-thailand
720	None	Uni/en	muay thai training thailand bangkok	muay-thai-training-thailand
720	None	Uni/en	muay thai training in thailand bangkok	muay-thai-training-thailand
720	None	Uni/en	ed visa thailand	muay-thai-visa
720	None	Fra/fr	alerte pollution aujourd'hui	pollution-chiang-mai-fr
720	None	Uni/en	destination thailand visa	thailand-dnv
720	None	Fra/fr	visa touristique thailande	visa-thailande
590	0	Uni/en	beginner muay thai	beginner-muay-thai
590	None	Uni/en	muay thai beginner	beginner-muay-thai
590	None	Uni/en	muay thai thailand beginner	beginner-muay-thai
590	None	Uni/en	muay thai for beginner	beginner-muay-thai
590	None	Uni/en	muay thai gym phuket	best-muay-thai-camps-in-thailand
590	None	Uni/en	tiger muay thai phuket	best-muay-thai-camps-in-thailand
590	None	Uni/en	air quality chiang mai	chiang-mai-burning-season
590	None	Uni/en	thailand dtv visa	dtv-visa-thailand
590	None	Uni/en	muay thai vs karate	muay-thai-benefits
590	14	Uni/en	muay thai chiang mai	muay-thai-chiang-mai-en
590	None	Uni/en	chiang mai muay thai	muay-thai-chiang-mai-en
590	None	Uni/en	muay thai in chiang mai	muay-thai-chiang-mai-en
590	None	Uni/en	chiang mai thailand muay thai	muay-thai-chiang-mai-en
590	None	Uni/en	muay thai reddit	muay-thai-vs-kickboxing
590	None	Fra/fr	pollution paris aujourd'hui	pollution-chiang-mai-fr
590	None	Uni/en	muay thai headband	wai-kru-ram-muay
480	None	Uni/en	muay thai near me for adults	beginner-muay-thai
480	None	Uni/en	sinbi muay thai	best-muay-thai-camps-in-thailand
480	None	Uni/en	burning season thailand	burning-season-chiang-mai-en
480	None	Uni/en	apartments in chiang mai	chmai-cost-living
480	None	Uni/en	destination thailand visa dtv	dtv-visa-thailand
480	None	Uni/en	is muay thai good for self defense	muay-thai-benefits
480	None	Uni/en	is bjj good for self defense	muay-thai-benefits
480	None	Uni/en	is muay thai good for self-defense	muay-thai-self-defense
390	None	Uni/en	mango tree muay thai	beginner-muay-thai
390	None	Uni/en	chiang mai to koh samui	chiang-mai-or-phuket
390	None	Uni/en	krabi vs koh samui	chiang-mai-or-phuket
390	None	Uni/en	chiang mai vs bangkok	chiang-mai-or-phuket
390	None	Uni/en	bangkok vs chiang mai	chiang-mai-vs-bangkok-muay-thai
390	8	Uni/en	chiang mai cost of living	chmai-cost-living
390	None	Uni/en	cost of living chiang mai	chmai-cost-living
390	None	Uni/en	chiang mai thailand cost of living	chmai-cost-living
390	None	Uni/en	cost of living chiang mai thailand	chmai-cost-living
390	None	Uni/en	cost of living in chiang mai	chmai-cost-living
390	None	Uni/en	cost of living in chiang mai thailand	chmai-cost-living
390	None	Uni/en	chiang mai real estate	chmai-cost-living
390	None	Uni/en	muay thai for women	muay-thai-benefits
390	None	Uni/en	is muay thai dangerous	muay-thai-self-defense
390	53	Uni/en	muay thai training thailand	muay-thai-training-thailand
390	None	Uni/en	training in thailand muay thai	muay-thai-training-thailand
390	None	Uni/en	muay thai in thailand training	muay-thai-training-thailand
390	None	Uni/en	thailand muay thai training	muay-thai-training-thailand
390	None	Uni/en	muay thai training in thailand	muay-thai-training-thailand
390	None	Uni/en	training muay thai in thailand	muay-thai-training-thailand
390	None	Uni/en	training muay thai thailand	muay-thai-training-thailand
390	None	Uni/en	muay thai in street fight	muay-thai-vs-kickboxing
390	None	Fra/fr	pollution de lair aujourd'hui	pollution-chiang-mai-fr
320	None	Uni/en	chiang mai vs chiang rai	chiang-mai-or-phuket
320	None	Uni/en	bangkok to chiang mai sleeper train	chiang-mai-vs-bangkok
320	None	Fra/fr	thaïlande population	pollution-chiang-mai-fr
260	None	Uni/en	beginner muay thai gloves	beginner-muay-thai
260	None	Uni/en	muay thai training at home	beginner-muay-thai
260	None	Uni/en	main street boxing and muay thai	beginner-muay-thai
260	None	Uni/en	muay thai books	beginner-muay-thai
260	None	Uni/en	burning season chiang mai	chiang-mai-burning-season
260	6	Uni/en	chiang mai burning season	chiang-mai-burning-season
260	None	Uni/en	thailand dtv visa requirements	thailand-dnv
260	None	Uni/en	muay thai shorts amazon	muay-thai-benefits
260	None	Uni/en	best muay thai shorts	muay-thai-benefits
260	None	Uni/en	lanna muay thai	muay-thai-camp-chiang-mai
260	None	Uni/en	chiang mai muay thai gyms	muay-thai-chiang-mai-en
260	None	Uni/en	chiang mai muay thai gym	muay-thai-chiang-mai-en
260	None	Uni/en	muay thai gym chiang mai	muay-thai-chiang-mai-en
260	None	Uni/en	santai muay thai	muay-thai-chiang-mai-en
260	None	Uni/en	chiang mai gym muay thai	muay-thai-chiang-mai
260	None	Uni/en	muay thai gyms in chiang mai	muay-thai-chiang-mai
260	None	Uni/en	muay thai gym in chiang mai	muay-thai-chiang-mai
260	0	Fra/fr	muay thai chiang mai	muay-thai-chiang-mai-fr
260	None	Fra/fr	muay thai in chiang mai	muay-thai-chiang-mai-fr
260	None	Fra/fr	chiang mai thailand muay thai	muay-thai-chiang-mai-fr
260	None	Fra/fr	chiang mai muay thai	muay-thai-chiang-mai-fr
260	None	Uni/en	muay thai gyms chiang mai	muay-thai-chiang-mai
260	None	Uni/en	charleston muay thai	muay-thai-prices
260	None	Fra/fr	airparif pollution	pollution-chiang-mai-fr
260	0	Uni/en	private muay thai lessons	private-muay-thai-lessons
260	None	Uni/en	muay thai private lessons	private-muay-thai-lessons
260	21	Uni/en	wai kru ram muay	wai-kru-ram-muay
210	None	Uni/en	chiang mai vs phuket	chiang-mai-or-phuket
210	None	Uni/en	bangkok to chiang mai distance	chiang-mai-vs-bangkok
210	None	Uni/en	bangkok to chiang mai bus	chiang-mai-vs-bangkok
210	23	Uni/en	dtv visa thailand requirements	dtv-visa-thailand-requirements
210	None	Uni/en	dtv thailand visa	dtv-visa-thailand
210	0	Uni/en	muay thai benefits	muay-thai-benefits
210	None	Uni/en	benefits of muay thai	muay-thai-benefits
210	None	Uni/en	benefits muay thai	muay-thai-benefits
210	None	Fra/fr	muay thai koh samui	muay-thai-chiang-mai-fr
210	None	Uni/en	how much is muay thai classes	muay-thai-class-cost
210	None	Uni/en	rad muay thai	muay-thai-prices
210	None	Fra/fr	camp muay thai thailande	muay-thai-thailande-FR
210	None	Fra/fr	indice qualité de l'air	pollution-chiang-mai-fr
210	None	Fra/fr	bangkok pollution	pollution-chiang-mai-fr
210	24	Uni/en	scooter rental chiang mai	scooter-rental-chiang-mai
210	None	Uni/en	scooter rental in chiang mai	scooter-rental-chiang-mai
210	None	Uni/en	chiang mai scooter rental	scooter-rental-chiang-mai
210	None	Uni/en	rental scooter chiang mai	scooter-rental-chiang-mai
210	None	Uni/en	60 day visa exemption thailand	thailand-visa-after-15-september
170	None	Uni/en	beginner muay thai basic moves	beginner-muay-thai
170	None	Uni/en	master lek's muay thai	beginner-muay-thai
170	None	Uni/en	chiang mai or bangkok	chiang-mai-or-phuket
170	None	Uni/en	bangkok to chiang mai flight time	chiang-mai-vs-bangkok
170	None	Uni/en	long term rentals in chiang mai thailand	chmai-cost-living
170	None	Uni/en	muay thai shorts thailand	muay-thai-benefits
170	None	Uni/en	dang muay thai	muay-thai-camp-chiang-mai
170	None	Fra/fr	lanna muay thai	muay-thai-chiang-mai-fr
170	None	Uni/en	easton muay thai	muay-thai-prices
170	None	Uni/en	muay thai training thailand phuket	muay-thai-training-thailand
170	None	Uni/en	dutch kickboxing vs muay thai	muay-thai-vs-kickboxing
170	0	Uni/en	muay thai weight loss	muay-thai-weight-loss
170	None	Uni/en	muay thai and weight loss	muay-thai-weight-loss
170	None	Uni/en	muay thai for weight loss	muay-thai-weight-loss
170	0	Fra/fr	pollution chiang mai	pollution-chiang-mai-fr
170	None	Fra/fr	chiang mai pollution	pollution-chiang-mai-fr
170	None	Uni/en	90-day tourist visa thailand	thailand-visa-after-15-september
140	None	Uni/en	all inclusive muay thai camps in thailand	best-muay-thai-camps-in-thailand
140	None	Uni/en	best muay thai gyms in bangkok	best-muay-thai-camps-in-thailand
140	None	Uni/en	all-inclusive muay thai camps in thailand	best-muay-thai-camps-in-thailand
140	None	Uni/en	chiang mai condo for rent	chmai-cost-living
140	None	Uni/en	dtv thailand	dtv-visa-thailand-requirements
140	None	Uni/en	new visa rules thailand	education-visa-thailand
140	None	Fra/fr	santai muay thai	muay-thai-chiang-mai-fr
140	None	Fra/fr	camp muay thai bangkok	muay-thai-chiang-mai-fr
140	None	Uni/en	muay thai private lessons near me	muay-thai-prices
140	None	Uni/en	jai su muay thai	muay-thai-prices
140	None	Fra/fr	stage muay thai thailande	muay-thai-thailande-FR
140	None	Fra/fr	stage boxe thaï thaïlande prix	muay-thai-thailande-FR
140	0	Uni/en	muay thai visa	muay-thai-visa
140	None	Fra/fr	pic de pollution aujourd'hui	pollution-chiang-mai-fr
140	None	Uni/en	private muay thai lessons near me	private-muay-thai-lessons
110	None	Uni/en	muay thai beginner classes near me	beginner-muay-thai
110	None	Uni/en	muay thai beginner class near me	beginner-muay-thai
110	None	Uni/en	muay thai gyms bangkok	best-muay-thai-camps-in-thailand
110	None	Uni/en	phuket muay thai camp	best-muay-thai-camps-in-thailand
110	None	Uni/en	phuket top team	best-muay-thai-camps-in-thailand
110	None	Uni/en	chiang mai burning season 2026	burning-season-chiang-mai-en
110	0	Uni/en	chiang mai or phuket	chiang-mai-or-phuket
110	None	Uni/en	phuket or chiang mai	chiang-mai-or-phuket
110	None	Uni/en	is muay thai good for street fighting	muay-thai-benefits
110	None	Uni/en	phuket thailand muay thai camp	muay-thai-camp-thailand
110	0	Uni/en	muay thai prices	muay-thai-prices
110	None	Uni/en	is muay thai better than boxing	muay-thai-self-defense
110	None	Fra/fr	camp muay thai koh samui	muay-thai-thailande-FR
110	None	Uni/en	muay thai visa thailand	muay-thai-visa
110	None	Uni/en	muay thai thailand visa	muay-thai-visa
110	None	Fra/fr	indice de pollution	pollution-chiang-mai-fr
110	None	Fra/fr	pollution map	pollution-chiang-mai-fr
110	None	Uni/en	muay thai personal trainer	private-muay-thai-lessons
110	None	Uni/en	thailand visa exemption	thailand-visa-after-15-september
90	None	Uni/en	beginner muay thai near me	beginner-muay-thai
90	None	Uni/en	muay thai training video	beginner-muay-thai
90	None	Uni/en	best muay thai near me	beginner-muay-thai
90	None	Uni/en	how to learn muay thai at home	beginner-muay-thai
90	None	Uni/en	muay thai conditioning workout	beginner-muay-thai
90	None	Uni/en	visa run vietnam	border-run-th
90	None	Uni/en	when is burning season in chiang mai	burning-season-chiang-mai-en
90	None	Uni/en	coworking space chiang mai	digital-nomad-chiang-mai
90	None	Uni/en	thailand digital nomad visa requirements	digital-nomad-chiang-mai
90	None	Uni/en	muay thai body transformation	muay-thai-benefits
90	None	Uni/en	muay thai camp chiang mai	muay-thai-chiang-mai-UK
90	None	Uni/en	chiang mai muay thai camp	muay-thai-chiang-mai-UK
90	None	Uni/en	muay thai chiang mai fights	muay-thai-chiang-mai-en
90	None	Uni/en	muay thai chiang mai class	muay-thai-chiang-mai-en
90	None	Uni/en	muay thai chiang mai training	muay-thai-chiang-mai
90	None	Uni/en	muay thai classes in chiang mai	muay-thai-chiang-mai-en
90	None	Uni/en	chiang mai muay thai fight	muay-thai-chiang-mai-en
90	None	Uni/en	muay thai fight chiang mai	muay-thai-chiang-mai-en
90	None	Uni/en	muay thai lessons chiang mai	muay-thai-chiang-mai-en
90	None	Uni/en	chiang mai muay thai class	muay-thai-chiang-mai-en
90	None	Uni/en	chiang mai muay thai fights	muay-thai-chiang-mai-en
90	None	Uni/en	muay thai training in chiang mai	muay-thai-chiang-mai-en
90	None	Uni/en	muay thai class chiang mai	muay-thai-chiang-mai-en
90	None	Uni/en	muay thai fights chiang mai	muay-thai-chiang-mai-en
90	None	Uni/en	muay thai classes chiang mai	muay-thai-chiang-mai-en
90	None	Fra/fr	dang muay thai	muay-thai-chiang-mai-fr
90	None	Fra/fr	camp muay thai phuket	muay-thai-chiang-mai-fr
90	None	Uni/en	muay thai chiang mai camp	muay-thai-chiang-mai-UK
90	None	Uni/en	loi kroh boxing stadium	muay-thai-classes-chiang-mai
90	0	Fra/fr	muay thai thailande	muay-thai-thailande-FR
90	None	Fra/fr	muay thai en thailande	muay-thai-thailande-FR
90	None	Uni/en	thailand muay thai visa	muay-thai-visa
70	None	Uni/en	beginner muay thai training	beginner-muay-thai
70	None	Uni/en	muay thai beginner training	beginner-muay-thai
70	12	Uni/en	best muay thai camps in thailand	best-muay-thai-camps-in-thailand
70	None	Uni/en	chiang mai chiang rai flight	chiang-mai-or-phuket
70	None	Uni/en	bangkok to chiang mai drive	chiang-mai-vs-bangkok
70	None	Uni/en	chiang mai apartments for rent short term	chmai-cost-living
70	None	Uni/en	chiang mai apartments for sale	chmai-cost-living
70	None	Uni/en	serviced apartments chiang mai	chmai-cost-living
70	None	Uni/en	education visa thailand requirements	education-visa-thailand
70	None	Uni/en	thailand education visa requirements	education-visa-thailand
70	None	Uni/en	thailand new visa rules 2026	education-visa-thailand
70	None	Uni/en	muay thai shorts reddit	muay-thai-benefits
70	None	Uni/en	tiger muay thai chiang mai	muay-thai-camp-chiang-mai
70	None	Uni/en	best muay thai camp thailand	muay-thai-camp-thailand
70	None	Uni/en	muay thai camp thailand bangkok	muay-thai-camp-thailand
70	None	Uni/en	best muay thai camp in thailand	muay-thai-camp-thailand
70	None	Uni/en	dang muay thai chiang mai	muay-thai-chiang-mai-en
70	None	Fra/fr	chiang mai muay thai gym	muay-thai-chiang-mai-fr
70	None	Fra/fr	muay thai gym chiang mai	muay-thai-chiang-mai-fr
70	None	Fra/fr	camp muay thai thaïlande français	muay-thai-chiang-mai-fr
70	None	Uni/en	muay thai near me for beginners	muay-thai-class-cost
70	None	Uni/en	kalare boxing stadium	muay-thai-classes-chiang-mai
70	None	Uni/en	muay thai class prices	muay-thai-prices
70	None	Uni/en	muay thai classes prices	muay-thai-prices
70	None	Uni/en	muay thai training for beginners	muay-thai-self-defense
70	None	Fra/fr	camp d'entrainement muay thai thailande	muay-thai-thailande-FR
70	None	Uni/en	tiger muay thai shop	muay-thai-training-thailand
70	None	Uni/en	tiger muay thai bali	muay-thai-training-thailand
70	None	Fra/fr	taux de pollution paris aujourd'hui	pollution-chiang-mai-fr
70	None	Fra/fr	pollution paris aujourd hui voiture	pollution-chiang-mai-fr
70	None	Fra/fr	météo pollution	pollution-chiang-mai-fr
70	None	Fra/fr	indice iqa	pollution-chiang-mai-fr
50	None	Uni/en	beginner muay thai drills	beginner-muay-thai
50	None	Uni/en	best beginner muay thai gloves	beginner-muay-thai
50	0	Uni/en	border run thailand	border-run-th
50	None	Uni/en	thailand border run	border-run-th
50	None	Uni/en	what is a border run	border-run-th
50	None	Uni/en	bangkok to chiang mai to phuket	chiang-mai-vs-bangkok
50	None	Uni/en	bangkok to chiang mai train 1st class	chiang-mai-vs-bangkok
50	None	Uni/en	chiang mai rentals monthly	chmai-cost-living
50	0	Uni/en	digital nomad chiang mai	digital-nomad-chiang-mai
50	None	Uni/en	chiang mai thailand digital nomad	digital-nomad-chiang-mai
50	None	Uni/en	digital nomad in chiang mai	digital-nomad-chiang-mai
50	None	Uni/en	chiang mai digital nomad	digital-nomad-chiang-mai
50	None	Uni/en	is muay thai good for fitness	muay-thai-benefits
50	None	Uni/en	is muay thai a good workout	muay-thai-benefits
50	None	Uni/en	how effective is muay thai	muay-thai-benefits
50	None	Uni/en	muay thai mma camp thailand	muay-thai-camp-thailand
50	None	Uni/en	muay thai chiang mai stadium	muay-thai-chiang-mai-en
50	None	Fra/fr	chiang mai muay thai camp	muay-thai-chiang-mai-fr
50	None	Fra/fr	muay thai camp chiang mai	muay-thai-chiang-mai-fr
50	None	Uni/en	chiang mai muay thai stadium	muay-thai-classes-chiang-mai
50	0	Uni/en	muay thai class cost	muay-thai-class-cost
50	None	Uni/en	is muay thai good exercise	muay-thai-self-defense
50	None	Fra/fr	muay thai thailande camp	muay-thai-thailande-FR
50	None	Uni/en	muay thai before and after	muay-thai-transformation
50	None	Fra/fr	indice de pollution paris	pollution-chiang-mai-fr
50	None	Uni/en	muay thai private training	private-muay-thai-lessons
50	None	Uni/en	scooter rental chiang mai price	scooter-rental-chiang-mai
50	None	Uni/en	chiang mai scooter rental price	scooter-rental-chiang-mai
40	None	Uni/en	visa run meaning	border-run-th
40	None	Uni/en	thailand burning season 2026	burning-season-chiang-mai-en
40	None	Uni/en	chiang mai vs koh samui	chiang-mai-or-phuket
40	None	Uni/en	chiang mai apartments for rent long term	chmai-cost-living
40	None	Uni/en	thailand dtv visa cost	dtv-visa-thailand-requirements
40	None	Uni/en	dtv visa thailand price	dtv-visa-thailand
40	None	Uni/en	what is a dtv visa thailand	dtv-visa-thailand
40	None	Uni/en	is muay thai good for weight loss	muay-thai-benefits
40	None	Uni/en	best muay thai gym chiang mai	muay-thai-camp-chiang-mai
40	None	Uni/en	boon lanna muay thai	muay-thai-camp-chiang-mai
40	None	Uni/en	lanna muay thai chiang mai	muay-thai-chiang-mai-en
40	None	Fra/fr	camp muay thai chiang mai	muay-thai-chiang-mai-fr
40	None	Uni/en	best muay thai gyms in chiang mai	muay-thai-chiang-mai-UK
40	None	Uni/en	best muay thai gym in chiang mai	muay-thai-chiang-mai-UK
40	None	Uni/en	chiang mai stadium muay thai	muay-thai-chiang-mai-UK
40	None	Uni/en	best muay thai gyms chiang mai	muay-thai-chiang-mai-UK
40	None	Uni/en	thapae boxing stadium	muay-thai-classes-chiang-mai
40	None	Uni/en	is boxing good for street fighting	muay-thai-self-defense
40	0	Uni/en	muay thai training thailand cost	muay-thai-training-thailand-cost
40	None	Uni/en	cost of muay thai training in thailand	muay-thai-training-thailand-cost
40	None	Uni/en	muay thai training in thailand cost	muay-thai-training-thailand-cost
40	None	Uni/en	training muay thai in thailand cost	muay-thai-training-thailand-cost
40	None	Uni/en	muay thai vs kickboxing street fight	muay-thai-vs-kickboxing
40	None	Uni/en	muay thai vs kickboxing reddit	muay-thai-vs-kickboxing
40	None	Uni/en	muay thai vs kickboxing difference	muay-thai-vs-kickboxing
40	None	Uni/en	kickboxing vs muay thai difference	muay-thai-vs-kickboxing
40	None	Uni/en	kickboxing vs muay thai reddit	muay-thai-vs-kickboxing
40	None	Uni/en	muay thai vs mma who would win	muay-thai-vs-kickboxing
40	None	Uni/en	muay thai vs karate who would win	muay-thai-vs-kickboxing
40	None	Uni/en	muay thai vs boxing who would win	muay-thai-vs-kickboxing
40	None	Fra/fr	air pollution chiang mai	pollution-chiang-mai-fr
40	None	Fra/fr	chiang mai air pollution	pollution-chiang-mai-fr
40	None	Fra/fr	indice pollution lyon	pollution-chiang-mai-fr
40	None	Fra/fr	aqi définition	pollution-chiang-mai-fr
40	None	Uni/en	digital nomad visa for thailand	thailand-dnv
40	None	Uni/en	thailand visa application form online	thailand-dnv
40	None	Uni/en	muay thai wai	wai-kru-ram-muay
30	None	Uni/en	thailand muay thai camp packages	best-muay-thai-camps-in-thailand
30	None	Uni/en	visa run japan	border-run-th
30	None	Uni/en	chiang mai or krabi	chiang-mai-or-phuket
30	None	Uni/en	chiang mai vs pattaya	chiang-mai-vs-bangkok-muay-thai
30	None	Uni/en	chiang mai real estate for rent	chmai-cost-living
30	None	Uni/en	chiang mai apartments monthly	chmai-cost-living
30	None	Uni/en	cost of living in bangkok for single person	chmai-cost-living
30	None	Uni/en	chiang mai real estate for foreigners	chmai-cost-living
30	None	Uni/en	alt chiang mai	digital-nomad-chiang-mai
30	None	Uni/en	thailand dtv visa application	dtv-visa-application
30	None	Uni/en	what is dtv visa thailand	dtv-visa-thailand
30	None	Uni/en	education visa thailand cost	education-visa-thailand
30	None	Uni/en	thailand education visa cost	education-visa-thailand
30	None	Uni/en	muay thai benefits for female	muay-thai-benefits
30	None	Uni/en	benefits of training muay thai	muay-thai-benefits
30	None	Uni/en	benefits of muay thai training	muay-thai-benefits
30	None	Uni/en	tiger muay thai bangkok	muay-thai-camp-chiang-mai
30	None	Uni/en	muay thai camp thailand price	muay-thai-camp-thailand
30	None	Uni/en	muay thai boxing camp thailand	muay-thai-camp-thailand
30	None	Fra/fr	manasak muay thai	muay-thai-chiang-mai-fr
30	None	Uni/en	evolution muay thai prices	muay-thai-prices
30	None	Uni/en	is muay thai good for beginners	muay-thai-self-defense
30	None	Uni/en	muay thai before and after female	muay-thai-transformation
30	None	Uni/en	muay thai vs kickboxing who would win	muay-thai-vs-kickboxing
30	None	Uni/en	muay thai stance vs kickboxing stance	muay-thai-vs-kickboxing
30	None	Uni/en	american kickboxing vs muay thai	muay-thai-vs-kickboxing
30	None	Uni/en	muay thai vs dutch kickboxing	muay-thai-vs-kickboxing
30	None	Uni/en	kickboxing vs muay thai stance	muay-thai-vs-kickboxing
30	None	Uni/en	muay thai vs american kickboxing	muay-thai-vs-kickboxing
30	None	Uni/en	boxing vs kickboxing vs muay thai	muay-thai-vs-kickboxing
30	None	Uni/en	kickboxing stance vs muay thai stance	muay-thai-vs-kickboxing
30	None	Uni/en	muay thai vs taekwondo who would win	muay-thai-vs-kickboxing
30	None	Uni/en	fighters diet plan for cutting weight	muay-thai-weight-loss
30	None	Fra/fr	pollution bangkok aujourd hui	pollution-chiang-mai-fr
30	None	Fra/fr	pollution bangkok aujourd'hui	pollution-chiang-mai-fr
30	None	Fra/fr	thailande pollution	pollution-chiang-mai-fr
30	None	Uni/en	muay thai personal trainer near me	private-muay-thai-lessons
30	None	Uni/en	mango scooter rental chiang mai	scooter-rental-chiang-mai
30	None	Uni/en	digital nomad visa thailand requirements	thailand-dnv
30	None	Uni/en	thailand visa official website	thailand-dnv
30	7	Uni/en	weight loss camp thailand	weight-loss-camp-thailand
30	None	Uni/en	thailand weight loss camp	weight-loss-camp-thailand
30	None	Uni/en	weight loss camp in thailand	weight-loss-camp-thailand
20	None	Uni/en	best muay thai gyms in thailand for foreigners	best-muay-thai-camps-in-thailand
20	None	Uni/en	muay thai gyms in thailand with accommodation	best-muay-thai-camps-in-thailand
20	None	Uni/en	thailand new rules for tourist 2026	border-run-th
20	None	Uni/en	how many times can i enter thailand in a year	border-run-th
20	None	Uni/en	burning season chiang mai 2026	burning-season-chiang-mai-en
20	None	Uni/en	when is chiang mai burning season	burning-season-chiang-mai-en
20	None	Uni/en	when does burning season start in chiang mai	burning-season-chiang-mai-en
20	None	Uni/en	is chiang mai cheaper than bangkok	chiang-mai-or-phuket
20	None	Uni/en	chiang mai vs bangkok reddit	chiang-mai-vs-bangkok-muay-thai
20	None	Uni/en	best city in thailand for muay thai training	chiang-mai-vs-bangkok-muay-thai
20	None	Uni/en	bangkok vs chiang mai reddit	chiang-mai-vs-bangkok-muay-thai
20	None	Uni/en	bangkok to chiang mai train time	chiang-mai-vs-bangkok
20	None	Uni/en	mountain homes for sale in chiang mai thailand	chmai-cost-living
20	None	Uni/en	punspace wiang kaew	digital-nomad-chiang-mai
20	None	Uni/en	dtv visa application	dtv-visa-application
20	None	Uni/en	muay thai dtv visa	dtv-visa-muay-thai
20	None	Uni/en	requirements for dtv visa thailand	dtv-visa-thailand-requirements
20	None	Uni/en	dtv thailand visa requirements	dtv-visa-thailand-requirements
20	None	Uni/en	dtv visa thailand soft power	dtv-visa-thailand-requirements
20	None	Uni/en	apply for dtv visa thailand	dtv-visa-thailand-requirements
20	None	Uni/en	5 year dtv visa thailand	dtv-visa-thailand
20	None	Uni/en	dtv visa thailand reddit	dtv-visa-thailand
20	None	Uni/en	how to get dtv visa in thailand	dtv-visa-thailand
20	None	Uni/en	dtv visa thailand cost	dtv-visa-thailand
20	None	Uni/en	dtv visa for thailand	dtv-visa-thailand
20	None	Uni/en	thailand visa dtv	dtv-visa-thailand
20	None	Uni/en	thailand ed visa new rules	education-visa-thailand
20	None	Uni/en	thailand visa types and fees	education-visa-thailand
20	None	Uni/en	the camp chiang mai	muay-thai-camp-chiang-mai
20	None	Uni/en	tiger muay thai prices	muay-thai-camp-chiang-mai
20	None	Uni/en	muay thai fitness camp thailand	muay-thai-camp-thailand
20	None	Uni/en	santai muay thai chiang mai	muay-thai-chiang-mai-en
20	None	Fra/fr	lanna muay thai chiang mai	muay-thai-chiang-mai-fr
20	None	Fra/fr	tiger muay thai chiang mai	muay-thai-chiang-mai-fr
20	None	Fra/fr	dang muay thai chiang mai	muay-thai-chiang-mai-fr
20	None	Fra/fr	chiang mai camp muay thai	muay-thai-chiang-mai-fr
20	None	Fra/fr	thailande muay thai	muay-thai-chiang-mai-fr
20	None	Fra/fr	meilleur camp muay thai thaïlande	muay-thai-chiang-mai-fr
20	None	Uni/en	how much does muay thai cost per month	muay-thai-class-cost
20	None	Uni/en	muay thai near me prices	muay-thai-class-cost
20	None	Uni/en	chiang mai stadium	muay-thai-classes-chiang-mai
20	None	Uni/en	muay thai nutrition plan	muay-thai-nutrition
20	None	Uni/en	tiger muay thai phuket prices	muay-thai-prices
20	None	Uni/en	muay thai gym prices	muay-thai-prices
20	None	Uni/en	muay thai classes cost near me	muay-thai-prices
20	None	Uni/en	muay thai cost per month	muay-thai-prices
20	None	Uni/en	muay thai near me for women	muay-thai-prices
20	None	Uni/en	muay thai thornton	muay-thai-prices
20	None	Uni/en	muay thai basics pdf	muay-thai-self-defense
20	None	Uni/en	muay thai weight loss before and after	muay-thai-self-defense
20	0	Uni/en	muay thai transformation	muay-thai-transformation
20	None	Uni/en	muay thai body transformation female	muay-thai-transformation
20	None	Uni/en	muay thai visa bangkok	muay-thai-visa
20	None	Uni/en	muay thai ed visa	muay-thai-visa
20	None	Uni/en	muay thai education visa	muay-thai-visa
20	None	Uni/en	muay thai vs kickboxing for self defense	muay-thai-vs-kickboxing
20	None	Uni/en	muay thai vs kickboxing stance	muay-thai-vs-kickboxing
20	None	Uni/en	japanese kickboxing vs muay thai	muay-thai-vs-kickboxing
20	None	Uni/en	muay thai calories burned calculator	muay-thai-weight-loss
20	None	Uni/en	chiang mai big bike rental	scooter-rental-chiang-mai
20	None	Uni/en	big bike rental chiang mai	scooter-rental-chiang-mai
20	None	Uni/en	does thailand have a digital nomad visa	thailand-dnv
20	None	Uni/en	wai kru dance	wai-kru-ram-muay
20	None	Uni/en	weight loss retreat bali	weight-loss-camp-thailand
20	None	Uni/en	thailand weight loss pills	weight-loss-camp-thailand
10	None	Uni/en	best muay thai camps in thailand reddit	best-muay-thai-camps-in-thailand
10	None	Uni/en	best muay thai camps in thailand for beginners	best-muay-thai-camps-in-thailand
10	None	Uni/en	the best muay thai camps in thailand	best-muay-thai-camps-in-thailand
10	None	Uni/en	best all inclusive muay thai camps in thailand	best-muay-thai-camps-in-thailand
10	None	Uni/en	best muay thai training camps in thailand	best-muay-thai-camps-in-thailand
10	None	Uni/en	best all-inclusive muay thai camps in thailand	best-muay-thai-camps-in-thailand
10	None	Uni/en	best muay thai camps in phuket	best-muay-thai-camps-in-thailand
10	None	Uni/en	cheap all inclusive muay thai camps in thailand	best-muay-thai-camps-in-thailand
10	None	Uni/en	all inclusive muay thai camps in phuket	best-muay-thai-camps-in-thailand
10	None	Uni/en	muay thai camp thailand 1 month	best-muay-thai-camps-in-thailand
10	None	Uni/en	2 week muay thai camp thailand	best-muay-thai-camps-in-thailand
10	None	Uni/en	muay thai holiday packages phuket	best-muay-thai-camps-in-thailand
10	None	Uni/en	muay thai gym phuket patong	best-muay-thai-camps-in-thailand
10	None	Uni/en	border run thailand myanmar	border-run-th
10	None	Uni/en	border run thailand to laos	border-run-th
10	None	Uni/en	border run thailand reddit	border-run-th
10	None	Uni/en	border run thailand malaysia	border-run-th
10	None	Uni/en	border run thailand laos	border-run-th
10	None	Uni/en	border run thailand 2022	border-run-th
10	None	Uni/en	thailand visa border run	border-run-th
10	None	Uni/en	thailand border run 2025	border-run-th
10	None	Uni/en	thailand visa run same day	border-run-th
10	None	Uni/en	laos visa run from thailand	border-run-th
10	None	Uni/en	how many times can i enter thailand by air	border-run-th
10	None	Uni/en	are visa runs illegal	border-run-th
10	None	Uni/en	how many times can i enter thailand without a visa	border-run-th
10	None	Uni/en	can i re enter thailand on visa exemption	border-run-th
10	None	Uni/en	what is a visa run thailand	border-run-th
10	None	Uni/en	visa run indonesia	border-run-th
10	None	Uni/en	visa run bali	border-run-th
10	None	Uni/en	what is burning season chiang mai	burning-season-chiang-mai-en
10	None	Uni/en	burning season chiang mai reddit	burning-season-chiang-mai-en
10	None	Uni/en	burning season chiang mai january	burning-season-chiang-mai-en
10	None	Uni/en	burning season chiang mai 2023	burning-season-chiang-mai-en
10	None	Uni/en	burning season chiang mai april	burning-season-chiang-mai-en
10	None	Uni/en	when burning season chiang mai	burning-season-chiang-mai-en
10	None	Uni/en	burning season chiang mai 2025	burning-season-chiang-mai-en
10	None	Uni/en	chiang mai in january burning season	burning-season-chiang-mai-en
10	None	Uni/en	chiang mai march burning season	burning-season-chiang-mai-en
10	None	Uni/en	how bad is burning season in chiang mai	burning-season-chiang-mai-en
10	None	Uni/en	chiang mai burning season reddit	burning-season-chiang-mai-en
10	None	Uni/en	chiang mai february burning season	burning-season-chiang-mai-en
10	None	Uni/en	chiang mai april burning season	burning-season-chiang-mai-en
10	None	Uni/en	chiang mai burning season 2025	burning-season-chiang-mai-en
10	None	Uni/en	chiang mai in march burning season	burning-season-chiang-mai-en
10	None	Uni/en	chiang mai in april burning season	burning-season-chiang-mai-en
10	None	Uni/en	chiang mai burning season 2025 reddit	burning-season-chiang-mai-en
10	None	Uni/en	how bad is chiang mai burning season	burning-season-chiang-mai-en
10	None	Uni/en	chiang mai in february burning season	burning-season-chiang-mai-en
10	None	Uni/en	burning season thailand chiang mai	burning-season-chiang-mai-en
10	None	Uni/en	chiang mai burning season march	burning-season-chiang-mai-en
10	None	Uni/en	when does burning season start in chiang mai 2026	burning-season-chiang-mai-en
10	None	Uni/en	chiang mai burning season 2019	burning-season-chiang-mai-en
10	None	Uni/en	chiang mai burning season 2026 reddit	burning-season-chiang-mai-en
10	None	Uni/en	chiang mai burning season 2023	burning-season-chiang-mai-en
10	None	Uni/en	chiang mai or phuket which is better	chiang-mai-or-phuket
10	None	Uni/en	chiang mai or phuket reddit	chiang-mai-or-phuket
10	None	Uni/en	from chiang mai or phuket	chiang-mai-or-phuket
10	None	Uni/en	from chiang mai or phuket crossword clue	chiang-mai-or-phuket
10	None	Uni/en	visit chiang mai or phuket	chiang-mai-or-phuket
10	None	Uni/en	chiang mai or phuket first	chiang-mai-or-phuket
10	None	Uni/en	is chiang mai or phuket better	chiang-mai-or-phuket
10	None	Uni/en	phuket or chiang mai reddit	chiang-mai-or-phuket
10	None	Uni/en	phuket or chiang mai which is better	chiang-mai-or-phuket
10	None	Uni/en	chiang mai to krabi or phuket	chiang-mai-or-phuket
10	None	Uni/en	bangkok vs chiang mai vs phuket	chiang-mai-or-phuket
10	None	Uni/en	chiang mai and phuket distance	chiang-mai-or-phuket
10	None	Uni/en	bangkok and chiang mai distance	chiang-mai-or-phuket
10	None	Uni/en	chiang mai vs bangkok cost of living	chiang-mai-or-phuket
10	None	Uni/en	chiang mai vs chiang rai reddit	chiang-mai-or-phuket
10	None	Uni/en	chiang mai and chiang rai distance	chiang-mai-or-phuket
10	None	Uni/en	chiang mai vs chiang rai vs pai	chiang-mai-or-phuket
10	None	Uni/en	chiang mai vs bangkok living	chiang-mai-vs-bangkok-muay-thai
10	None	Uni/en	living in chiang mai vs bangkok	chiang-mai-vs-bangkok-muay-thai
10	None	Uni/en	chiang mai vs bangkok vs phuket	chiang-mai-vs-bangkok-muay-thai
10	None	Uni/en	muay thai training chiang mai vs bangkok	chiang-mai-vs-bangkok-muay-thai
10	None	Uni/en	muay thai gyms bangkok vs chiang mai	chiang-mai-vs-bangkok-muay-thai
10	None	Uni/en	train muay thai chiang mai or bangkok	chiang-mai-vs-bangkok-muay-thai
10	None	Uni/en	chiang mai vs phuket vs bangkok	chiang-mai-vs-bangkok-muay-thai
10	None	Uni/en	muay thai camps chiang mai vs bangkok	chiang-mai-vs-bangkok-muay-thai
10	None	Uni/en	chiang mai vs bangkok travel	chiang-mai-vs-bangkok
10	None	Uni/en	cost of living chiang mai vs bangkok	chiang-mai-vs-bangkok
10	None	Uni/en	songkran chiang mai vs bangkok	chiang-mai-vs-bangkok
10	None	Uni/en	loy krathong bangkok vs chiang mai	chiang-mai-vs-bangkok
10	None	Uni/en	bangkok vs phuket vs chiang mai	chiang-mai-vs-bangkok
10	None	Uni/en	shopping in chiang mai vs bangkok	chiang-mai-vs-bangkok
10	None	Uni/en	chiang mai vs phuket reddit	chiang-mai-vs-bangkok
10	None	Uni/en	chiang mai cost of living reddit	chmai-cost-living
10	None	Uni/en	chiang mai cost of living 2023	chmai-cost-living
10	None	Uni/en	cost of living in chiang mai per month	chmai-cost-living
10	None	Uni/en	cost of living in chiang mai 2024	chmai-cost-living
10	None	Uni/en	digital nomad chiang mai apartment	digital-nomad-chiang-mai
10	None	Uni/en	chiang mai digital nomad whatsapp	digital-nomad-chiang-mai
10	None	Uni/en	digital nomad cafe chiang mai	digital-nomad-chiang-mai
10	None	Uni/en	digital nomad conference chiang mai	digital-nomad-chiang-mai
10	None	Uni/en	digital nomad summit chiang mai	digital-nomad-chiang-mai
10	None	Uni/en	chiang mai digital nomad cafe	digital-nomad-chiang-mai
10	None	Uni/en	chiang mai digital nomad accommodation	digital-nomad-chiang-mai
10	None	Uni/en	digital nomad community chiang mai	digital-nomad-chiang-mai
10	None	Uni/en	chiang mai digital nomad reddit	digital-nomad-chiang-mai
10	None	Uni/en	chiang mai digital nomad meetup	digital-nomad-chiang-mai
10	None	Uni/en	chiang mai digital nomad guide	digital-nomad-chiang-mai
10	None	Uni/en	nomadlist chiang mai	digital-nomad-chiang-mai
10	None	Uni/en	punspace chiang mai	digital-nomad-chiang-mai
10	None	Uni/en	nomad rentals chiang mai	digital-nomad-chiang-mai
10	None	Uni/en	long stay chiang mai	digital-nomad-chiang-mai
10	None	Uni/en	starwork chiang mai	digital-nomad-chiang-mai
10	None	Uni/en	yellow coworking chiang mai	digital-nomad-chiang-mai
10	None	Uni/en	one workspace chiang mai	digital-nomad-chiang-mai
10	None	Uni/en	dtv visa thailand bank account	dtv-bank-account
10	None	Uni/en	dtv visa application form	dtv-visa-application
10	None	Uni/en	thai dtv visa application	dtv-visa-application
10	None	Uni/en	dtv thailand visa application	dtv-visa-application
10	None	Uni/en	dtv visa thailand online application	dtv-visa-application
10	None	Uni/en	dtv visa thailand application form	dtv-visa-application
10	None	Uni/en	dtv visa online application	dtv-visa-application
10	None	Uni/en	dtv thai visa application	dtv-visa-application
10	None	Uni/en	dtv visa thailand application	dtv-visa-application
10	None	Uni/en	dtv visa muay thai	dtv-visa-muay-thai
10	None	Uni/en	dtv visa muay thai requirements	dtv-visa-muay-thai
10	None	Uni/en	dtv visa muay thai pattaya	dtv-visa-muay-thai
10	None	Uni/en	dtv visa thailand muay thai	dtv-visa-muay-thai
10	None	Uni/en	thailand dtv visa income requirements	dtv-visa-thailand-requirements
10	None	Uni/en	dtv visa requirements thailand	dtv-visa-thailand-requirements
10	None	Uni/en	dtv visa thailand soft power requirements	dtv-visa-thailand-requirements
10	None	Uni/en	thailand dtv visa official website	dtv-visa-thailand-requirements
10	None	Uni/en	thailand dtv visa eligible countries	dtv-visa-thailand-requirements
10	None	Uni/en	dtv visa thailand uk	dtv-visa-thailand-requirements
10	None	Uni/en	thailand dtv visa medical treatment	dtv-visa-thailand-requirements
10	None	Uni/en	dtv visa thailand how long does it take	dtv-visa-thailand
10	None	Uni/en	visa thailand dtv	dtv-visa-thailand
10	None	Uni/en	dtv visa thailand eligible countries	dtv-visa-thailand
10	None	Uni/en	thailand dtv visa countries	dtv-visa-thailand
10	None	Uni/en	thailand dtv visa reddit	dtv-visa-thailand
10	None	Uni/en	thailand dtv visa processing time	dtv-visa-thailand
10	None	Uni/en	thailand dtv visa news	dtv-visa-thailand
10	None	Uni/en	destination thailand visa dtv cost	dtv-visa-thailand
10	None	Uni/en	dtv visa thailand tax	dtv-visa-thailand
10	None	Uni/en	ed visa thailand muay thai	ed-visa-thailand-muay-thai
10	None	Uni/en	education visa thailand chiang mai	education-visa-thailand
10	None	Uni/en	education visa thailand muay thai	education-visa-thailand
10	None	Uni/en	1 year education visa thailand	education-visa-thailand
10	None	Uni/en	non immigrant education visa thailand	education-visa-thailand
10	None	Uni/en	education visa thailand 2022	education-visa-thailand
10	None	Uni/en	education visa thailand reddit	education-visa-thailand
10	None	Uni/en	thailand education visa muay thai	education-visa-thailand
10	None	Uni/en	thailand education visa reddit	education-visa-thailand
10	None	Uni/en	how to get education visa in thailand	education-visa-thailand
10	None	Uni/en	how much is education visa in thailand	education-visa-thailand
10	None	Uni/en	learn thai in thailand education visa	education-visa-thailand
10	None	Uni/en	how to get an education visa in thailand	education-visa-thailand
10	None	Uni/en	thailand education visa age limit	education-visa-thailand
10	None	Uni/en	education visa extension thailand	education-visa-thailand
10	None	Uni/en	education visa thailand price	education-visa-thailand
10	None	Uni/en	how to get education visa thailand	education-visa-thailand
10	None	Uni/en	cost of education visa thailand	education-visa-thailand
10	None	Uni/en	expert education and visa services thailand	education-visa-thailand
10	None	Uni/en	muay thai education visa thailand	education-visa-thailand
10	None	Uni/en	1 year student visa thailand	education-visa-thailand
10	None	Uni/en	thai education visa courses	education-visa-thailand
10	None	Uni/en	non immigrant ed visa thailand	education-visa-thailand
10	None	Uni/en	how to apply dtv visa thailand	how-to-apply-dtv-visa-thailand
10	None	Uni/en	muay thai benefits weight loss	muay-thai-benefits
10	None	Uni/en	muay thai benefits reddit	muay-thai-benefits
10	None	Uni/en	lamai muay thai camp accommodation	muay-thai-camp-accommodation
10	None	Uni/en	muay thai training camp with accommodation	muay-thai-camp-accommodation
10	None	Uni/en	the camp muay thai chiang mai	muay-thai-camp-chiang-mai
10	None	Uni/en	the camp chiang mai muay thai	muay-thai-camp-chiang-mai
10	None	Uni/en	muay thai training camp chiang mai	muay-thai-camp-chiang-mai
10	None	Uni/en	camp muay thai chiang mai	muay-thai-camp-chiang-mai
10	None	Uni/en	chiang mai muay thai gym prices	muay-thai-camp-chiang-mai
10	None	Uni/en	boon lanna chiang mai	muay-thai-camp-chiang-mai
10	None	Uni/en	chiang mai muay thai beginner	muay-thai-camp-chiang-mai
10	None	Uni/en	tiger muay thai chiang mai reviews	muay-thai-camp-chiang-mai
10	None	Uni/en	tiger muay thai accommodation	muay-thai-camp-chiang-mai
10	None	Uni/en	cheapest muay thai camp thailand	muay-thai-camp-thailand
10	None	Uni/en	muay thai camp thailand krabi	muay-thai-camp-thailand
10	None	Uni/en	luxury muay thai camp thailand	muay-thai-camp-thailand
10	None	Uni/en	1 month muay thai camp thailand	muay-thai-camp-thailand
10	None	Uni/en	muay thai camp thailand women	muay-thai-camp-thailand
10	None	Uni/en	muay thai weight loss camp thailand	muay-thai-camp-thailand
10	None	Uni/en	cheapest muay thai camp in thailand	muay-thai-camp-thailand
10	None	Uni/en	thailand best muay thai camp	muay-thai-camp-thailand
10	None	Uni/en	muay thai thailand camp reviews	muay-thai-camp-thailand
10	None	Uni/en	muay thai camp phuket thailand	muay-thai-camp-thailand
10	None	Uni/en	fairtex hotel & muay thai training camp pattaya thailand	muay-thai-camp-thailand
10	None	Uni/en	best muay thai camp in thailand for beginners	muay-thai-camp-thailand
10	None	Uni/en	best muay thai training camp thailand	muay-thai-camp-thailand
10	None	Fra/fr	central muay thai chiang mai	muay-thai-chiang-mai-fr
10	None	Fra/fr	sitjemam muay thai chiang mai	muay-thai-chiang-mai-fr
10	None	Fra/fr	muay thai chiang mai night bazaar	muay-thai-chiang-mai-fr
10	None	Fra/fr	cours de muay thai chiang mai	muay-thai-chiang-mai-fr
10	None	Fra/fr	chiang mai jr muay thai	muay-thai-chiang-mai-fr
10	None	Fra/fr	chiang mai muay thai fights	muay-thai-chiang-mai-fr
10	None	Fra/fr	where to see muay thai in chiang mai	muay-thai-chiang-mai-fr
10	None	Fra/fr	best muay thai gym chiang mai	muay-thai-chiang-mai-fr
10	None	Fra/fr	best muay thai stadium chiang mai	muay-thai-chiang-mai-fr
10	None	Fra/fr	chiang mai muay thai stadium	muay-thai-chiang-mai-fr
10	None	Fra/fr	santai muay thai gym chiang mai	muay-thai-chiang-mai-fr
10	None	Uni/en	dang muay thai chiang mai reviews	muay-thai-chiang-mai-UK
10	None	Uni/en	muay thai beginner class chiang mai	muay-thai-classes-chiang-mai
10	None	Uni/en	chiang mai muay thai reddit	muay-thai-classes-chiang-mai
10	None	Uni/en	muay thai chiang mai tonight	muay-thai-classes-chiang-mai
10	None	Uni/en	best muay thai stadium chiang mai	muay-thai-classes-chiang-mai
10	None	Uni/en	muay thai holiday thailand	muay-thai-holiday-thailand
10	None	Uni/en	thailand muay thai holiday	muay-thai-holiday-thailand
10	None	Uni/en	muay thai mental health	muay-thai-mental-health
10	None	Uni/en	muay thai nutrition	muay-thai-nutrition
10	None	Uni/en	nutrition for muay thai	muay-thai-nutrition
10	None	Uni/en	sitjaopho muay thai prices	muay-thai-prices
10	None	Uni/en	sinbi muay thai prices	muay-thai-prices
10	None	Uni/en	muay thai prices near me	muay-thai-prices
10	None	Uni/en	cyclone muay thai prices	muay-thai-prices
10	None	Uni/en	8 limbs muay thai prices	muay-thai-prices
10	None	Uni/en	florida muay thai prices	muay-thai-prices
10	None	Uni/en	muay thai nyc prices	muay-thai-prices
10	None	Uni/en	the camp muay thai resort and academy prices	muay-thai-prices
10	None	Uni/en	muay thai gym near me prices	muay-thai-prices
10	None	Uni/en	muay thai training in thailand prices	muay-thai-prices
10	None	Uni/en	southside muay thai prices	muay-thai-prices
10	None	Uni/en	coban muay thai prices	muay-thai-prices
10	None	Uni/en	is muay thai good for self defense reddit	muay-thai-self-defense
10	None	Uni/en	is muay thai kickboxing good for self defense	muay-thai-self-defense
10	None	Uni/en	is muay thai kickboxing good for self-defense	muay-thai-self-defense
10	None	Uni/en	how good is muay thai for self defense	muay-thai-self-defense
10	None	Uni/en	muay thai self defense near me	muay-thai-self-defense
10	None	Uni/en	is muay thai good for mma	muay-thai-self-defense
10	None	Uni/en	is muay thai good for street fighting reddit	muay-thai-self-defense
10	None	Uni/en	muay thai in street fight video	muay-thai-self-defense
10	None	Uni/en	is muay thai effective in mma	muay-thai-self-defense
10	None	Uni/en	is mma or muay thai better for street fighting	muay-thai-self-defense
10	None	Fra/fr	camp muay thai thailande francais	muay-thai-thailande-FR
10	None	Fra/fr	combat muay thai thailande	muay-thai-thailande-FR
10	None	Fra/fr	camp d'entrainement muay thai thailande boughanem	muay-thai-thailande-FR
10	None	Fra/fr	entrainement muay thai thailande	muay-thai-thailande-FR
10	None	Fra/fr	stage de muay thai en thailande	muay-thai-thailande-FR
10	None	Fra/fr	camp d entrainement muay thai thailande boughanem	muay-thai-thailande-FR
10	None	Fra/fr	apprendre le muay thai en thailande	muay-thai-thailande-FR
10	None	Fra/fr	short muay thai thailande	muay-thai-thailande-FR
10	None	Fra/fr	stage boxe thaï thaïlande débutant	muay-thai-thailande-FR
10	None	Fra/fr	stage muay thai bangkok	muay-thai-thailande-FR
10	None	Fra/fr	camp muay thai france	muay-thai-thailande-FR
10	None	Fra/fr	cours de boxe thai bangkok	muay-thai-thailande-FR
10	None	Fra/fr	camp muay thai thaïlande	muay-thai-thailande-FR
10	None	Uni/en	cost of training muay thai in thailand	muay-thai-training-thailand-cost
10	None	Uni/en	muay thai training cost in thailand	muay-thai-training-thailand-cost
10	None	Uni/en	thailand muay thai training camp cost	muay-thai-training-thailand-cost
10	None	Uni/en	how much does muay thai training cost in thailand	muay-thai-training-thailand-cost
10	None	Uni/en	muay thai camp thailand 1 month price	muay-thai-training-thailand-cost
10	None	Uni/en	1 year muay thai training in thailand	muay-thai-training-thailand-cost
10	None	Uni/en	muay thai package thailand	muay-thai-training-thailand-cost
10	None	Uni/en	muay thai training in thailand for beginners	muay-thai-training-thailand-cost
10	None	Uni/en	best muay thai training thailand	muay-thai-training-thailand
10	None	Uni/en	muay thai training thailand best camps	muay-thai-training-thailand
10	None	Uni/en	3 months muay thai transformation	muay-thai-transformation
10	None	Uni/en	1 year muay thai transformation	muay-thai-transformation
10	None	Uni/en	muay thai weight loss transformation	muay-thai-transformation
10	None	Uni/en	muay thai body transformation reddit	muay-thai-transformation
10	None	Uni/en	muay thai body transformation male	muay-thai-transformation
10	None	Uni/en	muay thai body transformation female reddit	muay-thai-transformation
10	None	Uni/en	muay thai before and after reddit	muay-thai-transformation
10	None	Uni/en	muay thai travel insurance	muay-thai-travel-insurance
10	None	Uni/en	muay thai visa koh samui	muay-thai-visa
10	None	Uni/en	thailand 90 day muay thai visa	muay-thai-visa
10	None	Uni/en	muay thai visa cost	muay-thai-visa
10	None	Uni/en	tiger muay thai visa	muay-thai-visa
10	None	Uni/en	muay thai visa in thailand	muay-thai-visa
10	None	Uni/en	muay thai student visa	muay-thai-visa
10	None	Uni/en	muay thai ed visa phuket	muay-thai-visa
10	None	Uni/en	thailand visa muay thai	muay-thai-visa
10	None	Uni/en	muay thai ed visa chiang mai	muay-thai-visa
10	None	Uni/en	muay thai visa price	muay-thai-visa
10	None	Uni/en	muay thai visa for thailand	muay-thai-visa
10	None	Uni/en	thailand muay thai visa 1 year	muay-thai-visa
10	None	Uni/en	90 day muay thai visa	muay-thai-visa
10	None	Uni/en	muay thai visa bangkok price	muay-thai-visa
10	None	Uni/en	muay thai education visa chiang mai	muay-thai-visa
10	None	Uni/en	education visa muay thai	muay-thai-visa
10	None	Uni/en	3 month muay thai visa	muay-thai-visa
10	None	Uni/en	destination thailand visa muay thai	muay-thai-visa
10	None	Uni/en	muay thai visa phuket	muay-thai-visa
10	None	Uni/en	muay thai visa reddit	muay-thai-visa
10	None	Uni/en	chiang mai muay thai visa	muay-thai-visa
10	None	Uni/en	muay thai visa thailand requirements	muay-thai-visa
10	None	Uni/en	mma vs muay thai vs kickboxing	muay-thai-vs-kickboxing
10	None	Uni/en	muay thai vs kickboxing low kick	muay-thai-vs-kickboxing
10	None	Uni/en	muay thai weight loss diet	muay-thai-weight-loss
10	None	Uni/en	tiger muay thai weight loss	muay-thai-weight-loss
10	None	Uni/en	muay thai weight loss stories	muay-thai-weight-loss
10	None	Uni/en	muay thai weight loss camp	muay-thai-weight-loss
10	None	Uni/en	muay thai weight loss reddit	muay-thai-weight-loss
10	None	Uni/en	boxing or muay thai for weight loss	muay-thai-weight-loss
10	None	Uni/en	muay thai or bjj for weight loss	muay-thai-weight-loss
10	None	Uni/en	weight loss muay thai camp	muay-thai-weight-loss
10	None	Uni/en	muay thai before and after weight loss	muay-thai-weight-loss
10	None	Uni/en	muay thai good for weight loss	muay-thai-weight-loss
10	None	Uni/en	muay thai or boxing for weight loss	muay-thai-weight-loss
10	None	Uni/en	muay thai vs kickboxing for weight loss	muay-thai-weight-loss
10	None	Uni/en	boxing vs muay thai for weight loss	muay-thai-weight-loss
10	None	Uni/en	muay thai diet weight loss	muay-thai-weight-loss
10	None	Uni/en	muay thai vs boxing weight loss	muay-thai-weight-loss
10	None	Uni/en	is muay thai effective for weight loss	muay-thai-weight-loss
10	None	Uni/en	muay thai training for weight loss	muay-thai-weight-loss
10	None	Uni/en	muay thai camp thailand reddit	muaythai-camp-reddit
10	None	Uni/en	thailand muay thai camp reddit	muaythai-camp-reddit
10	None	Fra/fr	pollution chiang mai today	pollution-chiang-mai-fr
10	None	Fra/fr	indice pollution chiang mai	pollution-chiang-mai-fr
10	None	Uni/en	private muay thai lessons bangkok	private-muay-thai-lessons
10	None	Uni/en	how much are private muay thai lessons	private-muay-thai-lessons
10	None	Uni/en	private muay thai lessons phuket	private-muay-thai-lessons
10	None	Uni/en	private muay thai lessons thailand	private-muay-thai-lessons
10	None	Uni/en	private muay thai lessons singapore	private-muay-thai-lessons
10	None	Uni/en	private muay thai lessons cost	private-muay-thai-lessons
10	None	Uni/en	muay thai private lessons singapore	private-muay-thai-lessons
10	None	Uni/en	muay thai private lessons cost	private-muay-thai-lessons
10	None	Uni/en	bangkok muay thai private lessons	private-muay-thai-lessons
10	None	Uni/en	muay thai private lessons bangkok	private-muay-thai-lessons
10	None	Uni/en	tiger muay thai private lessons	private-muay-thai-lessons
10	None	Uni/en	1 on 1 muay thai training	private-muay-thai-lessons
10	None	Fra/fr	saison des brulis chiang mai	saison-des-brulis-chiang-mai-fr
10	None	Uni/en	scooter rental chiang mai to pai	scooter-rental-chiang-mai
10	None	Uni/en	mango scooter rental chiang mai photos	scooter-rental-chiang-mai
10	None	Uni/en	best scooter rental chiang mai	scooter-rental-chiang-mai
10	None	Uni/en	monthly scooter rental chiang mai	scooter-rental-chiang-mai
10	None	Uni/en	aa scooter rental chiang mai	scooter-rental-chiang-mai
10	None	Uni/en	mango scooter rental chiang mai reviews	scooter-rental-chiang-mai
10	None	Uni/en	cat motors motorbike & scooter rental in chiang mai	scooter-rental-chiang-mai
10	None	Uni/en	pop scooter rental chiang mai	scooter-rental-chiang-mai
10	None	Uni/en	cat scooter rental chiang mai	scooter-rental-chiang-mai
10	None	Uni/en	cheapest scooter rental chiang mai	scooter-rental-chiang-mai
10	None	Uni/en	scooter rental chiang mai airport	scooter-rental-chiang-mai
10	None	Uni/en	cheap scooter rental chiang mai	scooter-rental-chiang-mai
10	None	Uni/en	chiang mai to pai scooter rental	scooter-rental-chiang-mai
10	None	Uni/en	electric scooter rental chiang mai	scooter-rental-chiang-mai
10	None	Uni/en	scooter rental chiang mai reddit	scooter-rental-chiang-mai
10	None	Uni/en	aya scooter rental chiang mai	scooter-rental-chiang-mai
10	None	Uni/en	scooter rental chiang rai	scooter-rental-chiang-mai
10	None	Uni/en	best motorbike rental chiang mai	scooter-rental-chiang-mai
10	None	Uni/en	chiang mai motorbike rental monthly	scooter-rental-chiang-mai
10	None	Uni/en	mango bike rental chiang mai	scooter-rental-chiang-mai
10	None	Uni/en	motorbike rental chiang mai airport	scooter-rental-chiang-mai
10	None	Uni/en	train and stay muay thai	stay-and-train-muay-thai
10	None	Uni/en	thailand digital nomad visa income requirements	thailand-dnv
10	None	Uni/en	thailand digital nomad visa reddit	thailand-dnv
10	None	Uni/en	thailand digital nomad visa official website	thailand-dnv
10	None	Uni/en	apply for thailand digital nomad visa	thailand-dnv
10	None	Uni/en	thailand digital nomad visa 5 years	thailand-dnv
10	None	Uni/en	thailand digital nomad visa 2024	thailand-dnv
10	None	Uni/en	thailand digital nomad visa 2023	thailand-dnv
10	None	Uni/en	ltr visa thailand digital nomad	thailand-dnv
10	None	Uni/en	5-year digital nomad visa thailand	thailand-dnv
10	None	Uni/en	digital nomad visa dtv in thailand	thailand-dnv
10	None	Uni/en	thailand new digital nomad visa	thailand-dnv
10	None	Uni/en	10 year visa thailand digital nomad	thailand-dnv
10	None	Uni/en	thailand 5 year visa digital nomad	thailand-dnv
10	None	Uni/en	thailand 5-year visa digital nomad	thailand-dnv
10	None	Uni/en	digital nomad visa thailand reddit	thailand-dnv
10	None	Uni/en	digital nomad visa thailand application	thailand-dnv
10	None	Uni/en	digital nomad visa thailand price	thailand-dnv
10	None	Uni/en	wai kru ram muay music	wai-kru-ram-muay
10	None	Uni/en	wai kru muay thai movements	wai-kru-ram-muay
10	None	Uni/en	wai khru ram muay meaning	wai-kru-ram-muay
10	None	Uni/en	ram muay music	wai-kru-ram-muay
10	None	Uni/en	kru muay thai certification	wai-kru-ram-muay
10	None	Uni/en	sealing the ring muay thai	wai-kru-ram-muay
10	None	Uni/en	best weight loss camp thailand	weight-loss-camp-thailand
10	None	Uni/en	weight loss boot camp thailand	weight-loss-camp-thailand
10	None	Uni/en	thailand boot camp weight loss	weight-loss-camp-thailand
10	None	Uni/en	best weight loss camp in thailand	weight-loss-camp-thailand
10	None	Uni/en	1 month weight loss retreat thailand	weight-loss-camp-thailand
10	None	Uni/en	weight loss retreat thailand cheap	weight-loss-camp-thailand
10	None	Uni/en	thailand weight loss treatment	weight-loss-camp-thailand
10	None	Uni/en	weight loss retreat asia	weight-loss-camp-thailand
10	None	Uni/en	weight loss bangkok	weight-loss-camp-thailand
10	None	Uni/en	weight loss retreat germany	weight-loss-camp-thailand
10	None	Uni/en	detox resort thailand	weight-loss-camp-thailand
10	None	Uni/en	phuket weight loss retreat	weight-loss-camp-thailand
0	None	Uni/en	best time to train muay thai in thailand	best-time-to-train-muay-thai-in-thailand
0	None	Uni/en	border run thailand visa	border-run
0	None	Uni/en	chiang mai vs bangkok muay thai	chiang-mai-vs-bangkok-muay-thai
0	None	Uni/en	chiang mai vs phuket muay thai	chiang-mai-vs-phuket-muay-thai
0	None	Uni/en	chiang mai expat life cost	chmai-expat
0	None	Uni/en	muay thai gym thailand how to choose	choose-gym
0	None	Uni/en	how to choose muay thai gym thailand	choose-muaythai-gym
0	None	Uni/en	dtv visa thailand requirements 500k	dtv-500k
0	None	Uni/en	dtv visa financial proof	dtv-financial-proof
0	None	Uni/en	dtv visa thailand gym scam	dtv-gym-scam
0	None	Uni/en	dtv visa muay thai cost	dtv-muaythai-cost
0	None	Uni/en	dtv visa thailand 500000 baht proof	dtv-proof-baht
0	None	Uni/en	dtv visa rejection reasons	dtv-rejection
0	None	Uni/en	dtv visa thailand workcation soft power	dtv-softpower
0	None	Uni/en	dtv visa thailand questions	dtv-visa-thailand-questions
0	None	Uni/en	ed visa vs dtv	ed-visa-vs-dtv-muay-thai
0	None	Uni/en	ed visa vs dtv thailand	ed-vs-dtv
0	None	Uni/en	muay thai gym overcharging dtv	gym-overcharge
0	None	Uni/en	kids muay thai chiang mai	kids-muay-thai-chiang-mai
0	None	Uni/en	live in chiang mai long term	live-chiang-mai
0	None	Uni/en	long stay muay thai training thailand	long-stay-muay-thai-training-thailand
0	None	Uni/en	muay thai camp accommodation	muay-thai-camp-accommodation
0	None	Uni/en	muay thai gym prices chiang mai	muay-thai-gym-prices-chiang-mai
0	None	Uni/en	muay thai hang dong	muay-thai-hang-dong-en
0	None	Uni/en	muay thai headband mongkhon	muay-thai-headband-mongkhon
0	None	Uni/en	muay thai injury prevention	muay-thai-injury-prevention
0	None	Uni/en	muay thai training 3 months thailand	muaythai-3months
0	None	Uni/en	muay thai gym thailand avoid scam	muaythai-avoid-scam
0	None	Uni/en	muay thai gym legit certified thailand	muaythai-legit
0	None	Uni/en	muay thai camp chiang mai reddit	muaythai-reddit
0	None	Fra/fr	sejour muay thai thailande	sejour-muay-thai-thailande-FR
0	None	Uni/en	stay and train muay thai	stay-and-train-muay-thai
None	None	Uni/en	thailand visa 30 days 2026	thailand-visa-after-15-september
None	None	Uni/en	thailand new visa rules	thailand-visa-after-15-september
0	None	Uni/en	thailand visa muay thai camp	thailand-visa-muay-thai-camp
0	None	Uni/en	womens muay thai chiang mai	womens-muay-thai-chiang-mai
0	None	Uni/en	womens muay thai thailand	womens-muay-thai-thailand
